Black Dog|Greatest Hits,2,15898,Black Dog,Led Zeppelin,Led Zeppelin,Greatest Hits,P:\FANTOM HDS721010CLA332\Media\Music\Led Zeppelin\Greatest Hits\01. Black Dog.mp3
Black Dog|Greatest Hits,2,16402,Black Dog,Led Zeppelin,Led Zeppelin,Greatest Hits,P:\FANTOM HDS721010CLA332\Media\Music\Led Zeppelin\Greatest Hits\01. Black Dog.mp3
The Song Remains the Same|Greatest Hits,2,15900,The Song Remains the Same,Led Zeppelin,Led Zeppelin,Greatest Hits,P:\FANTOM HDS721010CLA332\Media\Music\Led Zeppelin\Greatest Hits\01. The Song Remains The Same.mp3
The Song Remains the Same|Greatest Hits,2,16404,The Song Remains the Same,Led Zeppelin,Led Zeppelin,Greatest Hits,P:\FANTOM HDS721010CLA332\Media\Music\Led Zeppelin\Greatest Hits\01. The Song Remains The Same.mp3
Immigrant Song|Greatest Hits,2,15902,Immigrant Song,Led Zeppelin,Led Zeppelin,Greatest Hits,P:\FANTOM HDS721010CLA332\Media\Music\Led Zeppelin\Greatest Hits\02. Immigrant Song.mp3
Immigrant Song|Greatest Hits,2,16406,Immigrant Song,Led Zeppelin,Led Zeppelin,Greatest Hits,P:\FANTOM HDS721010CLA332\Media\Music\Led Zeppelin\Greatest Hits\02. Immigrant Song.mp3
Whole Lotta Love|Greatest Hits,2,15904,Whole Lotta Love,Led Zeppelin,Led Zeppelin,Greatest Hits,P:\FANTOM HDS721010CLA332\Media\Music\Led Zeppelin\Greatest Hits\02. Whole Lotta Love.mp3
Whole Lotta Love|Greatest Hits,2,16408,Whole Lotta Love,Led Zeppelin,Led Zeppelin,Greatest Hits,P:\FANTOM HDS721010CLA332\Media\Music\Led Zeppelin\Greatest Hits\02. Whole Lotta Love.mp3
Communication Breakdown|Greatest Hits,2,15906,Communication Breakdown,Led Zeppelin,Led Zeppelin,Greatest Hits,P:\FANTOM HDS721010CLA332\Media\Music\Led Zeppelin\Greatest Hits\03. Communication Breakdown.mp3
Communication Breakdown|Greatest Hits,2,16410,Communication Breakdown,Led Zeppelin,Led Zeppelin,Greatest Hits,P:\FANTOM HDS721010CLA332\Media\Music\Led Zeppelin\Greatest Hits\03. Communication Breakdown.mp3
Good Times Bad Times|Greatest Hits,2,15908,Good Times Bad Times,Led Zeppelin,Led Zeppelin,Greatest Hits,P:\FANTOM HDS721010CLA332\Media\Music\Led Zeppelin\Greatest Hits\03. Good Times Bad Times.mp3
Good Times Bad Times|Greatest Hits,2,16412,Good Times Bad Times,Led Zeppelin,Led Zeppelin,Greatest Hits,P:\FANTOM HDS721010CLA332\Media\Music\Led Zeppelin\Greatest Hits\03. Good Times Bad Times.mp3
Friends|Greatest Hits,2,15910,Friends,Led Zeppelin,Led Zeppelin,Greatest Hits,P:\FANTOM HDS721010CLA332\Media\Music\Led Zeppelin\Greatest Hits\04. Friends.mp3
Friends|Greatest Hits,2,16414,Friends,Led Zeppelin,Led Zeppelin,Greatest Hits,P:\FANTOM HDS721010CLA332\Media\Music\Led Zeppelin\Greatest Hits\04. Friends.mp3
Since I've Been Loving You|Greatest Hits,2,15912,Since I've Been Loving You,Led Zeppelin,Led Zeppelin,Greatest Hits,P:\FANTOM HDS721010CLA332\Media\Music\Led Zeppelin\Greatest Hits\04. Since I've Been Loving You.mp3
Since I've Been Loving You|Greatest Hits,2,16416,Since I've Been Loving You,Led Zeppelin,Led Zeppelin,Greatest Hits,P:\FANTOM HDS721010CLA332\Media\Music\Led Zeppelin\Greatest Hits\04. Since I've Been Loving You.mp3
Celebration Day|Greatest Hits,2,15914,Celebration Day,Led Zeppelin,Led Zeppelin,Greatest Hits,P:\FANTOM HDS721010CLA332\Media\Music\Led Zeppelin\Greatest Hits\05. Celebration Day.mp3
Celebration Day|Greatest Hits,2,16418,Celebration Day,Led Zeppelin,Led Zeppelin,Greatest Hits,P:\FANTOM HDS721010CLA332\Media\Music\Led Zeppelin\Greatest Hits\05. Celebration Day.mp3
Rock and Roll|Greatest Hits,2,15916,Rock and Roll,Led Zeppelin,Led Zeppelin,Greatest Hits,P:\FANTOM HDS721010CLA332\Media\Music\Led Zeppelin\Greatest Hits\05. Rock And Roll.mp3
Rock and Roll|Greatest Hits,2,16420,Rock and Roll,Led Zeppelin,Led Zeppelin,Greatest Hits,P:\FANTOM HDS721010CLA332\Media\Music\Led Zeppelin\Greatest Hits\05. Rock And Roll.mp3
Babe I'm Gonna Leave You|Greatest Hits,2,15918,Babe I'm Gonna Leave You,Led Zeppelin,Led Zeppelin,Greatest Hits,P:\FANTOM HDS721010CLA332\Media\Music\Led Zeppelin\Greatest Hits\06. Babe I'm Gonna Leave You.mp3
Babe I'm Gonna Leave You|Greatest Hits,2,16422,Babe I'm Gonna Leave You,Led Zeppelin,Led Zeppelin,Greatest Hits,P:\FANTOM HDS721010CLA332\Media\Music\Led Zeppelin\Greatest Hits\06. Babe I'm Gonna Leave You.mp3
Dazed and Confused|Greatest Hits,2,15920,Dazed and Confused,Led Zeppelin,Led Zeppelin,Greatest Hits,P:\FANTOM HDS721010CLA332\Media\Music\Led Zeppelin\Greatest Hits\06. Dazed And Confused.mp3
Dazed and Confused|Greatest Hits,2,16424,Dazed and Confused,Led Zeppelin,Led Zeppelin,Greatest Hits,P:\FANTOM HDS721010CLA332\Media\Music\Led Zeppelin\Greatest Hits\06. Dazed And Confused.mp3
Gallows Pole|Greatest Hits,2,15922,Gallows Pole,Led Zeppelin,Led Zeppelin,Greatest Hits,P:\FANTOM HDS721010CLA332\Media\Music\Led Zeppelin\Greatest Hits\07. Gallows Pole.mp3
Gallows Pole|Greatest Hits,2,16426,Gallows Pole,Led Zeppelin,Led Zeppelin,Greatest Hits,P:\FANTOM HDS721010CLA332\Media\Music\Led Zeppelin\Greatest Hits\07. Gallows Pole.mp3
The Battle of Evermore|Greatest Hits,2,15924,The Battle of Evermore,Led Zeppelin,Led Zeppelin,Greatest Hits,P:\FANTOM HDS721010CLA332\Media\Music\Led Zeppelin\Greatest Hits\07. The Battle Of Evermore.mp3
The Battle of Evermore|Greatest Hits,2,16428,The Battle of Evermore,Led Zeppelin,Led Zeppelin,Greatest Hits,P:\FANTOM HDS721010CLA332\Media\Music\Led Zeppelin\Greatest Hits\07. The Battle Of Evermore.mp3
Kashmir|Greatest Hits,2,15926,Kashmir,Led Zeppelin,Led Zeppelin,Greatest Hits,P:\FANTOM HDS721010CLA332\Media\Music\Led Zeppelin\Greatest Hits\08. Kashmir.mp3
Kashmir|Greatest Hits,2,16430,Kashmir,Led Zeppelin,Led Zeppelin,Greatest Hits,P:\FANTOM HDS721010CLA332\Media\Music\Led Zeppelin\Greatest Hits\08. Kashmir.mp3
Nobody's Fault but Mine|Greatest Hits,2,15928,Nobody's Fault but Mine,Led Zeppelin,Led Zeppelin,Greatest Hits,P:\FANTOM HDS721010CLA332\Media\Music\Led Zeppelin\Greatest Hits\08. Nobody's Fault But Mine.mp3
Nobody's Fault but Mine|Greatest Hits,2,16432,Nobody's Fault but Mine,Led Zeppelin,Led Zeppelin,Greatest Hits,P:\FANTOM HDS721010CLA332\Media\Music\Led Zeppelin\Greatest Hits\08. Nobody's Fault But Mine.mp3
Misty Mountain Hop|Greatest Hits,2,15930,Misty Mountain Hop,Led Zeppelin,Led Zeppelin,Greatest Hits,P:\FANTOM HDS721010CLA332\Media\Music\Led Zeppelin\Greatest Hits\09. Misty Mountain Hop.mp3
Misty Mountain Hop|Greatest Hits,2,16434,Misty Mountain Hop,Led Zeppelin,Led Zeppelin,Greatest Hits,P:\FANTOM HDS721010CLA332\Media\Music\Led Zeppelin\Greatest Hits\09. Misty Mountain Hop.mp3
The Wanton Song|Greatest Hits,2,15932,The Wanton Song,Led Zeppelin,Led Zeppelin,Greatest Hits,P:\FANTOM HDS721010CLA332\Media\Music\Led Zeppelin\Greatest Hits\09. The Wanton Song.mp3
The Wanton Song|Greatest Hits,2,16436,The Wanton Song,Led Zeppelin,Led Zeppelin,Greatest Hits,P:\FANTOM HDS721010CLA332\Media\Music\Led Zeppelin\Greatest Hits\09. The Wanton Song.mp3
How Many More Times|Greatest Hits,2,15934,How Many More Times,Led Zeppelin,Led Zeppelin,Greatest Hits,P:\FANTOM HDS721010CLA332\Media\Music\Led Zeppelin\Greatest Hits\10. How Many More Times.mp3
How Many More Times|Greatest Hits,2,16438,How Many More Times,Led Zeppelin,Led Zeppelin,Greatest Hits,P:\FANTOM HDS721010CLA332\Media\Music\Led Zeppelin\Greatest Hits\10. How Many More Times.mp3
Royal Orleans|Greatest Hits,2,15936,Royal Orleans,Led Zeppelin,Led Zeppelin,Greatest Hits,P:\FANTOM HDS721010CLA332\Media\Music\Led Zeppelin\Greatest Hits\10. Royal Orleans.mp3
Royal Orleans|Greatest Hits,2,16440,Royal Orleans,Led Zeppelin,Led Zeppelin,Greatest Hits,P:\FANTOM HDS721010CLA332\Media\Music\Led Zeppelin\Greatest Hits\10. Royal Orleans.mp3
Four Sticks|Greatest Hits,2,15938,Four Sticks,Led Zeppelin,Led Zeppelin,Greatest Hits,P:\FANTOM HDS721010CLA332\Media\Music\Led Zeppelin\Greatest Hits\11. Four Sticks.mp3
Four Sticks|Greatest Hits,2,16442,Four Sticks,Led Zeppelin,Led Zeppelin,Greatest Hits,P:\FANTOM HDS721010CLA332\Media\Music\Led Zeppelin\Greatest Hits\11. Four Sticks.mp3
The Rain Song|Greatest Hits,2,15940,The Rain Song,Led Zeppelin,Led Zeppelin,Greatest Hits,P:\FANTOM HDS721010CLA332\Media\Music\Led Zeppelin\Greatest Hits\11. The Rain Song.mp3
The Rain Song|Greatest Hits,2,16444,The Rain Song,Led Zeppelin,Led Zeppelin,Greatest Hits,P:\FANTOM HDS721010CLA332\Media\Music\Led Zeppelin\Greatest Hits\11. The Rain Song.mp3
D'yer Mak'er|Greatest Hits,2,15942,D'yer Mak'er,Led Zeppelin,Led Zeppelin,Greatest Hits,P:\FANTOM HDS721010CLA332\Media\Music\Led Zeppelin\Greatest Hits\12. D'yer Mak'er.mp3
D'yer Mak'er|Greatest Hits,2,16446,D'yer Mak'er,Led Zeppelin,Led Zeppelin,Greatest Hits,P:\FANTOM HDS721010CLA332\Media\Music\Led Zeppelin\Greatest Hits\12. D'yer Mak'er.mp3
Going to California|Greatest Hits,2,15944,Going to California,Led Zeppelin,Led Zeppelin,Greatest Hits,P:\FANTOM HDS721010CLA332\Media\Music\Led Zeppelin\Greatest Hits\12. Going To California.mp3
Going to California|Greatest Hits,2,16448,Going to California,Led Zeppelin,Led Zeppelin,Greatest Hits,P:\FANTOM HDS721010CLA332\Media\Music\Led Zeppelin\Greatest Hits\12. Going To California.mp3
Ramble On|Greatest Hits,2,15946,Ramble On,Led Zeppelin,Led Zeppelin,Greatest Hits,P:\FANTOM HDS721010CLA332\Media\Music\Led Zeppelin\Greatest Hits\13. Ramble On.mp3
Ramble On|Greatest Hits,2,16450,Ramble On,Led Zeppelin,Led Zeppelin,Greatest Hits,P:\FANTOM HDS721010CLA332\Media\Music\Led Zeppelin\Greatest Hits\13. Ramble On.mp3
Tangerine|Greatest Hits,2,15948,Tangerine,Led Zeppelin,Led Zeppelin,Greatest Hits,P:\FANTOM HDS721010CLA332\Media\Music\Led Zeppelin\Greatest Hits\13. Tangerine.mp3
Tangerine|Greatest Hits,2,16452,Tangerine,Led Zeppelin,Led Zeppelin,Greatest Hits,P:\FANTOM HDS721010CLA332\Media\Music\Led Zeppelin\Greatest Hits\13. Tangerine.mp3
Hey Hey What Can I Do?|Greatest Hits,2,15950,Hey Hey What Can I Do?,Led Zeppelin,Led Zeppelin,Greatest Hits,P:\FANTOM HDS721010CLA332\Media\Music\Led Zeppelin\Greatest Hits\14. Hey Hey What Can I Do.mp3
Hey Hey What Can I Do?|Greatest Hits,2,16454,Hey Hey What Can I Do?,Led Zeppelin,Led Zeppelin,Greatest Hits,P:\FANTOM HDS721010CLA332\Media\Music\Led Zeppelin\Greatest Hits\14. Hey Hey What Can I Do.mp3
Ten Years Gone|Greatest Hits,2,15952,Ten Years Gone,Led Zeppelin,Led Zeppelin,Greatest Hits,P:\FANTOM HDS721010CLA332\Media\Music\Led Zeppelin\Greatest Hits\14. Ten Years Gone.mp3
Ten Years Gone|Greatest Hits,2,16456,Ten Years Gone,Led Zeppelin,Led Zeppelin,Greatest Hits,P:\FANTOM HDS721010CLA332\Media\Music\Led Zeppelin\Greatest Hits\14. Ten Years Gone.mp3
All My Love|Greatest Hits,2,15954,All My Love,Led Zeppelin,Led Zeppelin,Greatest Hits,P:\FANTOM HDS721010CLA332\Media\Music\Led Zeppelin\Greatest Hits\15. All My Love.mp3
All My Love|Greatest Hits,2,16458,All My Love,Led Zeppelin,Led Zeppelin,Greatest Hits,P:\FANTOM HDS721010CLA332\Media\Music\Led Zeppelin\Greatest Hits\15. All My Love.mp3
Stairway to Heaven|Greatest Hits,2,15956,Stairway to Heaven,Led Zeppelin,Led Zeppelin,Greatest Hits,P:\FANTOM HDS721010CLA332\Media\Music\Led Zeppelin\Greatest Hits\15. Stairway To Heaven.mp3
Stairway to Heaven|Greatest Hits,2,16460,Stairway to Heaven,Led Zeppelin,Led Zeppelin,Greatest Hits,P:\FANTOM HDS721010CLA332\Media\Music\Led Zeppelin\Greatest Hits\15. Stairway To Heaven.mp3
No Quarter|Greatest Hits,2,15958,No Quarter,Led Zeppelin,Led Zeppelin,Greatest Hits,P:\FANTOM HDS721010CLA332\Media\Music\Led Zeppelin\Greatest Hits\16. No Quarter.mp3
No Quarter|Greatest Hits,2,16462,No Quarter,Led Zeppelin,Led Zeppelin,Greatest Hits,P:\FANTOM HDS721010CLA332\Media\Music\Led Zeppelin\Greatest Hits\16. No Quarter.mp3
Get Off This|O' Cracker Where Art Thou?,2,16054,Get Off This,Leftover Salmon,Leftover Salmon,O' Cracker Where Art Thou?,P:\FANTOM HDS721010CLA332\Media\Music\Leftover Salmon\O' Cracker Where Art Thou?\Leftover Salmon - 01 - Get Off This.mp3
Get Off This|O' Cracker Where Art Thou?,2,16512,Get Off This,Leftover Salmon,Leftover Salmon,O' Cracker Where Art Thou?,P:\FANTOM HDS721010CLA332\Media\Music\Leftover Salmon\O' Cracker Where Art Thou?\Leftover Salmon - 01 - Get Off This.mp3
Eurotrash Girl|O' Cracker Where Art Thou?,2,16056,Eurotrash Girl,Leftover Salmon,Leftover Salmon,O' Cracker Where Art Thou?,P:\FANTOM HDS721010CLA332\Media\Music\Leftover Salmon\O' Cracker Where Art Thou?\Leftover Salmon - 02 - Eurotrash Girl.mp3
Eurotrash Girl|O' Cracker Where Art Thou?,2,16514,Eurotrash Girl,Leftover Salmon,Leftover Salmon,O' Cracker Where Art Thou?,P:\FANTOM HDS721010CLA332\Media\Music\Leftover Salmon\O' Cracker Where Art Thou?\Leftover Salmon - 02 - Eurotrash Girl.mp3
Sweet Potato|O' Cracker Where Art Thou?,2,16058,Sweet Potato,Leftover Salmon,Leftover Salmon,O' Cracker Where Art Thou?,P:\FANTOM HDS721010CLA332\Media\Music\Leftover Salmon\O' Cracker Where Art Thou?\Leftover Salmon - 03 - Sweet Potato.mp3
Sweet Potato|O' Cracker Where Art Thou?,2,16516,Sweet Potato,Leftover Salmon,Leftover Salmon,O' Cracker Where Art Thou?,P:\FANTOM HDS721010CLA332\Media\Music\Leftover Salmon\O' Cracker Where Art Thou?\Leftover Salmon - 03 - Sweet Potato.mp3
Ms. Santa Cruz County|O' Cracker Where Art Thou?,2,16060,Ms. Santa Cruz County,Leftover Salmon,Leftover Salmon,O' Cracker Where Art Thou?,P:\FANTOM HDS721010CLA332\Media\Music\Leftover Salmon\O' Cracker Where Art Thou?\Leftover Salmon - 04 - Ms. Santa Cruz County.mp3
Ms. Santa Cruz County|O' Cracker Where Art Thou?,2,16518,Ms. Santa Cruz County,Leftover Salmon,Leftover Salmon,O' Cracker Where Art Thou?,P:\FANTOM HDS721010CLA332\Media\Music\Leftover Salmon\O' Cracker Where Art Thou?\Leftover Salmon - 04 - Ms. Santa Cruz County.mp3
Mr. Wrong|O' Cracker Where Art Thou?,2,16062,Mr. Wrong,Leftover Salmon,Leftover Salmon,O' Cracker Where Art Thou?,P:\FANTOM HDS721010CLA332\Media\Music\Leftover Salmon\O' Cracker Where Art Thou?\Leftover Salmon - 05 - Mr. Wrong.mp3
Mr. Wrong|O' Cracker Where Art Thou?,2,16520,Mr. Wrong,Leftover Salmon,Leftover Salmon,O' Cracker Where Art Thou?,P:\FANTOM HDS721010CLA332\Media\Music\Leftover Salmon\O' Cracker Where Art Thou?\Leftover Salmon - 05 - Mr. Wrong.mp3
Lonesome Johnny Blues|O' Cracker Where Art Thou?,2,16064,Lonesome Johnny Blues,Leftover Salmon,Leftover Salmon,O' Cracker Where Art Thou?,P:\FANTOM HDS721010CLA332\Media\Music\Leftover Salmon\O' Cracker Where Art Thou?\Leftover Salmon - 06 - Lonesome Johnny Blues.mp3
Lonesome Johnny Blues|O' Cracker Where Art Thou?,2,16522,Lonesome Johnny Blues,Leftover Salmon,Leftover Salmon,O' Cracker Where Art Thou?,P:\FANTOM HDS721010CLA332\Media\Music\Leftover Salmon\O' Cracker Where Art Thou?\Leftover Salmon - 06 - Lonesome Johnny Blues.mp3
Low|O' Cracker Where Art Thou?,2,16066,Low,Leftover Salmon,Leftover Salmon,O' Cracker Where Art Thou?,P:\FANTOM HDS721010CLA332\Media\Music\Leftover Salmon\O' Cracker Where Art Thou?\Leftover Salmon - 07 - Low.mp3
Low|O' Cracker Where Art Thou?,2,16524,Low,Leftover Salmon,Leftover Salmon,O' Cracker Where Art Thou?,P:\FANTOM HDS721010CLA332\Media\Music\Leftover Salmon\O' Cracker Where Art Thou?\Leftover Salmon - 07 - Low.mp3
Teen Angst (What the World Needs Now)|O' Cracker Where Art Thou?,2,16068,Teen Angst (What the World Needs Now),Leftover Salmon,Leftover Salmon,O' Cracker Where Art Thou?,P:\FANTOM HDS721010CLA332\Media\Music\Leftover Salmon\O' Cracker Where Art Thou?\Leftover Salmon - 08 - Teen Angst (What the World Needs Now).mp3
Teen Angst (What the World Needs Now)|O' Cracker Where Art Thou?,2,16526,Teen Angst (What the World Needs Now),Leftover Salmon,Leftover Salmon,O' Cracker Where Art Thou?,P:\FANTOM HDS721010CLA332\Media\Music\Leftover Salmon\O' Cracker Where Art Thou?\Leftover Salmon - 08 - Teen Angst (What the World Needs Now).mp3
How Can I Live Without You?|O' Cracker Where Art Thou?,2,16070,How Can I Live Without You?,Leftover Salmon,Leftover Salmon,O' Cracker Where Art Thou?,P:\FANTOM HDS721010CLA332\Media\Music\Leftover Salmon\O' Cracker Where Art Thou?\Leftover Salmon - 09 - How Can I Live Without You¿.mp3
How Can I Live Without You?|O' Cracker Where Art Thou?,2,16528,How Can I Live Without You?,Leftover Salmon,Leftover Salmon,O' Cracker Where Art Thou?,P:\FANTOM HDS721010CLA332\Media\Music\Leftover Salmon\O' Cracker Where Art Thou?\Leftover Salmon - 09 - How Can I Live Without You¿.mp3
Waiting For You Girl|O' Cracker Where Art Thou?,2,16072,Waiting For You Girl,Leftover Salmon,Leftover Salmon,O' Cracker Where Art Thou?,P:\FANTOM HDS721010CLA332\Media\Music\Leftover Salmon\O' Cracker Where Art Thou?\Leftover Salmon - 10 - Waiting for You Girl.mp3
Waiting For You Girl|O' Cracker Where Art Thou?,2,16530,Waiting For You Girl,Leftover Salmon,Leftover Salmon,O' Cracker Where Art Thou?,P:\FANTOM HDS721010CLA332\Media\Music\Leftover Salmon\O' Cracker Where Art Thou?\Leftover Salmon - 10 - Waiting for You Girl.mp3
Tight Rope|The Best Of,2,16074,Tight Rope,Leon Russell,Leon Russell,The Best Of,P:\FANTOM HDS721010CLA332\Media\Music\Leon Russell\The Best Of\01 - Tight Rope.mp3
Tight Rope|The Best Of,2,16532,Tight Rope,Leon Russell,Leon Russell,The Best Of,P:\FANTOM HDS721010CLA332\Media\Music\Leon Russell\The Best Of\01 - Tight Rope.mp3
Shootout at the Plantation|The Best Of,2,16076,Shootout at the Plantation,Leon Russell,Leon Russell,The Best Of,P:\FANTOM HDS721010CLA332\Media\Music\Leon Russell\The Best Of\02 - Shootout at the Plantation.mp3
Shootout at the Plantation|The Best Of,2,16534,Shootout at the Plantation,Leon Russell,Leon Russell,The Best Of,P:\FANTOM HDS721010CLA332\Media\Music\Leon Russell\The Best Of\02 - Shootout at the Plantation.mp3
Delta Lady|The Best Of,2,16078,Delta Lady,Leon Russell,Leon Russell,The Best Of,P:\FANTOM HDS721010CLA332\Media\Music\Leon Russell\The Best Of\03 - Delta Lady.mp3
Delta Lady|The Best Of,2,16536,Delta Lady,Leon Russell,Leon Russell,The Best Of,P:\FANTOM HDS721010CLA332\Media\Music\Leon Russell\The Best Of\03 - Delta Lady.mp3
Alcatraz|The Best Of,2,16080,Alcatraz,Leon Russell,Leon Russell,The Best Of,P:\FANTOM HDS721010CLA332\Media\Music\Leon Russell\The Best Of\04 - Alcatraz.mp3
Alcatraz|The Best Of,2,16538,Alcatraz,Leon Russell,Leon Russell,The Best Of,P:\FANTOM HDS721010CLA332\Media\Music\Leon Russell\The Best Of\04 - Alcatraz.mp3
This Masquerade|The Best Of,2,16082,This Masquerade,Leon Russell,Leon Russell,The Best Of,P:\FANTOM HDS721010CLA332\Media\Music\Leon Russell\The Best Of\05 - This Masquerade.mp3
This Masquerade|The Best Of,2,16540,This Masquerade,Leon Russell,Leon Russell,The Best Of,P:\FANTOM HDS721010CLA332\Media\Music\Leon Russell\The Best Of\05 - This Masquerade.mp3
Queen of the Roller Derby|The Best Of,2,16084,Queen of the Roller Derby,Leon Russell,Leon Russell,The Best Of,P:\FANTOM HDS721010CLA332\Media\Music\Leon Russell\The Best Of\06 - Queen of the Roller Derby.mp3
Queen of the Roller Derby|The Best Of,2,16542,Queen of the Roller Derby,Leon Russell,Leon Russell,The Best Of,P:\FANTOM HDS721010CLA332\Media\Music\Leon Russell\The Best Of\06 - Queen of the Roller Derby.mp3
Roll Away the Stone|The Best Of,2,16086,Roll Away the Stone,Leon Russell,Leon Russell,The Best Of,P:\FANTOM HDS721010CLA332\Media\Music\Leon Russell\The Best Of\07 - Roll Away the Stone.mp3
Roll Away the Stone|The Best Of,2,16544,Roll Away the Stone,Leon Russell,Leon Russell,The Best Of,P:\FANTOM HDS721010CLA332\Media\Music\Leon Russell\The Best Of\07 - Roll Away the Stone.mp3
A Song For You|The Best Of,2,16088,A Song For You,Leon Russell,Leon Russell,The Best Of,P:\FANTOM HDS721010CLA332\Media\Music\Leon Russell\The Best Of\08 - A Song For You.mp3
A Song For You|The Best Of,2,16546,A Song For You,Leon Russell,Leon Russell,The Best Of,P:\FANTOM HDS721010CLA332\Media\Music\Leon Russell\The Best Of\08 - A Song For You.mp3
Love Minus Zero - No Limit|The Best Of,2,16090,Love Minus Zero - No Limit,Leon Russell,Leon Russell,The Best Of,P:\FANTOM HDS721010CLA332\Media\Music\Leon Russell\The Best Of\09 - Love Minus Zero - No Limit.mp3
Love Minus Zero - No Limit|The Best Of,2,16548,Love Minus Zero - No Limit,Leon Russell,Leon Russell,The Best Of,P:\FANTOM HDS721010CLA332\Media\Music\Leon Russell\The Best Of\09 - Love Minus Zero - No Limit.mp3
Stranger in a Strange Land|The Best Of,2,16092,Stranger in a Strange Land,Leon Russell,Leon Russell,The Best Of,P:\FANTOM HDS721010CLA332\Media\Music\Leon Russell\The Best Of\10 - Stranger in a Strange Land.mp3
Stranger in a Strange Land|The Best Of,2,16550,Stranger in a Strange Land,Leon Russell,Leon Russell,The Best Of,P:\FANTOM HDS721010CLA332\Media\Music\Leon Russell\The Best Of\10 - Stranger in a Strange Land.mp3
Mushroom Men|Of Fungi And Foe,2,16094,Mushroom Men,Les Claypool,,Of Fungi And Foe,P:\FANTOM HDS721010CLA332\Media\Music\Les Claypool\Of Fungi And Foe\01-Mushroom Men.mp3
Mushroom Men|Of Fungi And Foe,2,16552,Mushroom Men,Les Claypool,,Of Fungi And Foe,P:\FANTOM HDS721010CLA332\Media\Music\Les Claypool\Of Fungi And Foe\01-Mushroom Men.mp3
Amanitas|Of Fungi And Foe,2,16096,Amanitas,Les Claypool,,Of Fungi And Foe,P:\FANTOM HDS721010CLA332\Media\Music\Les Claypool\Of Fungi And Foe\02-Amanitas.mp3
Amanitas|Of Fungi And Foe,2,16554,Amanitas,Les Claypool,,Of Fungi And Foe,P:\FANTOM HDS721010CLA332\Media\Music\Les Claypool\Of Fungi And Foe\02-Amanitas.mp3
Red State Girl|Of Fungi And Foe,2,16098,Red State Girl,Les Claypool,,Of Fungi And Foe,P:\FANTOM HDS721010CLA332\Media\Music\Les Claypool\Of Fungi And Foe\03-Red State Girl.mp3
Red State Girl|Of Fungi And Foe,2,16556,Red State Girl,Les Claypool,,Of Fungi And Foe,P:\FANTOM HDS721010CLA332\Media\Music\Les Claypool\Of Fungi And Foe\03-Red State Girl.mp3
Booneville Stomp|Of Fungi And Foe,2,16100,Booneville Stomp,Les Claypool,,Of Fungi And Foe,P:\FANTOM HDS721010CLA332\Media\Music\Les Claypool\Of Fungi And Foe\04-Booneville Stomp.mp3
Booneville Stomp|Of Fungi And Foe,2,16558,Booneville Stomp,Les Claypool,,Of Fungi And Foe,P:\FANTOM HDS721010CLA332\Media\Music\Les Claypool\Of Fungi And Foe\04-Booneville Stomp.mp3
What Would Sir George Martin Do|Of Fungi And Foe,2,16102,What Would Sir George Martin Do,Les Claypool,,Of Fungi And Foe,P:\FANTOM HDS721010CLA332\Media\Music\Les Claypool\Of Fungi And Foe\05-What Would Sir George Martin Do.mp3
What Would Sir George Martin Do|Of Fungi And Foe,2,16560,What Would Sir George Martin Do,Les Claypool,,Of Fungi And Foe,P:\FANTOM HDS721010CLA332\Media\Music\Les Claypool\Of Fungi And Foe\05-What Would Sir George Martin Do.mp3
You Can't Tell Errol Anything|Of Fungi And Foe,2,16104,You Can't Tell Errol Anything,Les Claypool,,Of Fungi And Foe,P:\FANTOM HDS721010CLA332\Media\Music\Les Claypool\Of Fungi And Foe\06-You Can't Tell Errol Anything.mp3
You Can't Tell Errol Anything|Of Fungi And Foe,2,16562,You Can't Tell Errol Anything,Les Claypool,,Of Fungi And Foe,P:\FANTOM HDS721010CLA332\Media\Music\Les Claypool\Of Fungi And Foe\06-You Can't Tell Errol Anything.mp3
Bite Out Of Life|Of Fungi And Foe,2,16106,Bite Out Of Life,Les Claypool,,Of Fungi And Foe,P:\FANTOM HDS721010CLA332\Media\Music\Les Claypool\Of Fungi And Foe\07-Bite Out Of Life.mp3
Bite Out Of Life|Of Fungi And Foe,2,16564,Bite Out Of Life,Les Claypool,,Of Fungi And Foe,P:\FANTOM HDS721010CLA332\Media\Music\Les Claypool\Of Fungi And Foe\07-Bite Out Of Life.mp3
Kazoo|Of Fungi And Foe,2,16108,Kazoo,Les Claypool,,Of Fungi And Foe,P:\FANTOM HDS721010CLA332\Media\Music\Les Claypool\Of Fungi And Foe\08-Kazoo.mp3
Kazoo|Of Fungi And Foe,2,16566,Kazoo,Les Claypool,,Of Fungi And Foe,P:\FANTOM HDS721010CLA332\Media\Music\Les Claypool\Of Fungi And Foe\08-Kazoo.mp3
Primed By 29|Of Fungi And Foe,2,16110,Primed By 29,Les Claypool,,Of Fungi And Foe,P:\FANTOM HDS721010CLA332\Media\Music\Les Claypool\Of Fungi And Foe\09-Primed By 29.mp3
Primed By 29|Of Fungi And Foe,2,16568,Primed By 29,Les Claypool,,Of Fungi And Foe,P:\FANTOM HDS721010CLA332\Media\Music\Les Claypool\Of Fungi And Foe\09-Primed By 29.mp3
Pretty Little Song|Of Fungi And Foe,2,16112,Pretty Little Song,Les Claypool,,Of Fungi And Foe,P:\FANTOM HDS721010CLA332\Media\Music\Les Claypool\Of Fungi And Foe\10-Pretty Little Song.mp3
Pretty Little Song|Of Fungi And Foe,2,16570,Pretty Little Song,Les Claypool,,Of Fungi And Foe,P:\FANTOM HDS721010CLA332\Media\Music\Les Claypool\Of Fungi And Foe\10-Pretty Little Song.mp3
Of Fungi And Foe|Of Fungi And Foe,2,16114,Of Fungi And Foe,Les Claypool,,Of Fungi And Foe,P:\FANTOM HDS721010CLA332\Media\Music\Les Claypool\Of Fungi And Foe\11-Of Fungi And Foe.mp3
Of Fungi And Foe|Of Fungi And Foe,2,16572,Of Fungi And Foe,Les Claypool,,Of Fungi And Foe,P:\FANTOM HDS721010CLA332\Media\Music\Les Claypool\Of Fungi And Foe\11-Of Fungi And Foe.mp3
Ol' Rosco|Of Fungi And Foe,2,16116,Ol' Rosco,Les Claypool,,Of Fungi And Foe,P:\FANTOM HDS721010CLA332\Media\Music\Les Claypool\Of Fungi And Foe\12-Ol' Rosco.mp3
Ol' Rosco|Of Fungi And Foe,2,16574,Ol' Rosco,Les Claypool,,Of Fungi And Foe,P:\FANTOM HDS721010CLA332\Media\Music\Les Claypool\Of Fungi And Foe\12-Ol' Rosco.mp3
